{"cameraMode":{"drawMode":0,"name":"Shaded","section":"Shading Mode"},"sceneLighting":false,"audioPlay":false,"sceneViewState":{"showFog":true,"showMaterialUpdate":false,"showSkybox":false,"showFlares":true,"showImageEffects":true,"showParticleSystems":true},"in2DMode":false,"pivot":{"x":902.0336303710938,"y":161.06527709960938,"z":119.55511474609375},"rotation":{"x":-0.055780719965696338,"y":-0.0023988313041627409,"z":0.0001334911648882553,"w":-0.9984439611434937},"size":414.40533447265627,"orthographic":false}